Allison Huss - ahuss@capital.edu
Megan Douglas - mdouglas2@capital.edu
Tiffany Armentrout - tarmentrout@capital.edu
Jenna Hoffmann - jhoffmann@capital.edu
Taylor Fleming - tfleming@capital.edu
Emma McDermott - emcdermott@capital.edu
Andrea Leciejewski - aleciejewski@capital.edu
Taylor Manivanh - tmanivanh@capital.edu
Taylor Longenette - tlongenette@capital.edu
Taylor Longenette - tlongenette@capital.edu
Megan Carpenter - mcaropenter@capital.edu
Brenna Mullins - bmullins@capital.edu
Alicia Logue - alogue@capital.edu
Brenna  Mullins - bmullins@capital.edu
Megan Douglas - mdouglas2@capital.edu
Hailey  Perdue - hperdue@capital.edu
Reagan Stone - rstone@capital.edu
Micahel Molaskey - mmolaskey@capital.edu
Carlin Briggs - cbriggs2@capital.edu
Ashley Swank - aswank@capital.edu
Aaron Roos - aroos2@capital.edu
Kaylee Prall - kprall@capital.edu
Sierra Parker - sparker5@capital.edu
Sydney Dudley - sdudley@capital.edu
Austin Hamilton - ahamilton3@capital.edu
Janie Burwick - jburwick@capital.edu
Bri Smith - bsmith15@capital.edu
Elizabeth  Sadek - esadek@capital.edu
Andrea Whitcraft - awhitcraft@capital.edu
Colin Swisher - cswisher@capital.edu
Emma Young - eyoung2@capital.edu
Hunter Weidner - hweidner@capital.edu
Allison Williams - awilliams426@capital.edu
Devin Foster - dfoster3@capital.edu
Rebecca Blanton - rblanton2@capital.edu
Emily Simonton - esimonton@capital.edu
Lexi Armstrong - larmstrong@capital.edu
Faida McCain - fmccain@capital.edu
Laura Starcher - lstarcher@capital.edu
Paige Matuszynski - pmatuszynski@capital.edu
Natalie Barkes - nbarkes@capital.edu
Madison Wood - mwood3@capital.edu
Maggie Peddicord - mpeddicord@capital.edu
Riley Hagy - rhagy@capital.edu
Sydney Skeie - sskeie@capital.edu
Elizabeth  Festi - efesti@capital.edu
Brooklyn  Keaton - keatonrider5@gmail.com
Allison Williams - awilliams426@capital.edu
Ronald  Jorgenson - rjorgenson@capital.edu
Liza Day - lday@capital.edu
Holly Barlage - hbarlage@capital.edu
Desiree Molina - dmolina@capital.edu
Kati Jackson - kjackson102@capital.edu
Madyson Fagan - mfagan3@capital.edu
Casey Miller - cmiller318@capital.edu
Abby  Young  - ayoung4@capital.edu
Elli Wachtman - ewachtman@capital.edu
Nate Vance - nvance@capital.edu
Kory Roth - kroth2@capital.edu
Jessie Strait - jstrait@capital.edu
Kennedy Harden - kharden@capital.edu
Cory Jennings - cjennings@capital.edu
Danielle Whitley - dwhitley@capital.edu
Nicole Coleman - ncoleman13@capital.edu
Nicole Coleman - ncoleman13@capital.edu
Sydney Dion - sdion@capital.edu
David Barnett - dbarnett3@capital.edu
Sienna Hill - shill2@capital.edu
Christine  Heckler - checkler3@capital.edu
Catherine Adcock - cadcock@capital.edu
Jacob Stuckert - jstuckert@capital.edu
Catherine  Adcock - cadcock@capital.edu
Ethan  Scheck - escheck@capital.edu
Andrew Harmon - aharmon@capital.edu
Delanie Nahikian - dnahikian@capital.edu
Jacob  Stuckert - jstuckert@capital.edu
Sophia Petrov - spetrov@capital.edu
Kristina  Amos - kross2@capital.edu
Nichole Hayes - nhayes2@capital.edu
Sarah Keefe - skeefe2@capital.edu
Victoria Long - tlong4@capital.edu
Bree Chambers - bchambers@capital.edu
Carlie Wilson - cwilson9@capital.edu
Breeann Marion - bmarion2@capital.edu
Carly Woolwine - cwoolwine@capital.edu
Kokila Varadarajan - kvaradarajan@capital.edu
Samantha Sech - ssech@capital.edu
Alex Lowry - alowry2@capital.edu
Daniel Franckhauser - dfranckhauser@capital.edu
Zach Ferenchak - zferenchak@capital.edu
CJ Hughes - chughes2@capital.edu
Rachael Kousaie - rkousaie@capital.edu
Cameron Caldwell - ccaldwell@capital.edu
Mac Teeple - mteeple@capital.edu
Kelly Bachmann - kbachmann@capital.edu
Sydney Skeie - sskeie@capital.edu
Kaitlynn Harrell - kharrell@capital.edu
Daniel Kuder - dkuder@capital.edu
Trudy Railing - trailing@capital.edu
Nicholas Ehrenborg - nehrenborg@capital.edu
Kelly Bachmann - kbachmann@capital.edu
Kory Roth - kroth2@capital.edu
Matthew Tyler - mtyler2@capital.edu
Molly Frey - mfrey@capital.edu
Malik Murray - cmurray3@capital.edu
Joshua Miller - Jmiller15@capital.edu
Riley Cochran - rcochran2@capital.edu
Riley Cochran - rcochran2@capital.edu
Ian Sopko - isopko@capital.edu
Sarah Walsh - nwalsh@capital.edu
Malori Galleher - mgalleher@capital.edu
Sondos  Alsaery - salsaery@capital.edu
Anna Dandridge-Testerman - adandridge@capital.edu
Kia Hemphill - khemphill@capital.edu
Nicolas Smith - nsmith7@capital.edu
Tyler Ferguson - tferguson3@capital.edu
